inducer,protein
20,1.610850689
10,1.707452317
5,1.59148095
1,1.308198527
0.5,0.851774361
0.1,0.73335707
0.01,0.571835524
0.001,0.543604459
0.0001,0.579313297
