inducer,protein
20000.0,1.610850689
10000.0,1.707452317
5000.0,1.59148095
1000.0,1.308198527
500.0,0.851774361
100.0,0.73335707
10.0,0.571835524
1.0,0.543604459
0.1,0.579313297
